[{
    "country_code": "ABW",
    "country_type": "Country",
    "name_english_formal": "Aruba",
    "name_english_abbreviation": "Aruba",
    "name_english_short": "AW",
    "continent": "North America",
    "subregion": "Caribbean"
  },
  { "country_code": "AFG", "country_type": "Sovereign country", "name_english_formal": "Islamic State of Afghanistan", "name_english_abbreviation": "Afghanistan", "name_english_short": "AF", "continent": "Asia", "subregion": "Southern Asia" },
  { "country_code": "AGO", "country_type": "Sovereign country", "name_english_formal": "People's Republic of Angola", "name_english_abbreviation": "Angola", "name_english_short": "AO", "continent": "Africa", "subregion": "Middle Africa" }, { "country_code": "AIA", "country_type": "Dependency", "name_english_formal": null, "name_english_abbreviation": "Anguilla", "name_english_short": "AI", "continent": "North America", "subregion": "Caribbean" }, { "country_code": "ALB", "country_type": "Sovereign country", "name_english_formal": "Republic of Albania", "name_english_abbreviation": "Albania", "name_english_short": "AL", "continent": "Europe", "subregion": "Southern Europe" }, { "country_code": "ALA", "country_type": "Country", "name_english_formal": "Åland Islands", "name_english_abbreviation": "Aland", "name_english_short": "AX", "continent": "Europe", "subregion": "Northern Europe" }, { "country_code": "AND", "country_type": "Sovereign country", "name_english_formal": "Principality of Andorra", "name_english_abbreviation": "Andorra", "name_english_short": "AD", "continent": "Europe", "subregion": "Southern Europe" }, { "country_code": "ARE", "country_type": "Sovereign country", "name_english_formal": "United Arab Emirates", "name_english_abbreviation": "United Arab Emirates", "name_english_short": "AE", "continent": "Asia", "subregion": "Western Asia" }, { "country_code": "ARG", "country_type": "Sovereign country", "name_english_formal": "Argentine Republic", "name_english_abbreviation": "Argentina", "name_english_short": "AR", "continent": "South America", "subregion": "South America" }, { "country_code": "ARM", "country_type": "Sovereign country", "name_english_formal": "Republic of Armenia", "name_english_abbreviation": "Armenia", "name_english_short": "AM", "continent": "Asia", "subregion": "Western Asia" }, { "country_code": "ASM", "country_type": "Dependency", "name_english_formal": "American Samoa", "name_english_abbreviation": "American Samoa", "name_english_short": "AS", "continent": "Oceania", "subregion": "Polynesia" }, { "country_code": "ATA", "country_type": "Indeterminate", "name_english_formal": null, "name_english_abbreviation": "Antarctica", "name_english_short": "AQ", "continent": "Antarctica", "subregion": "Antarctica" }, { "country_code": "-99", "country_type": "Dependency", "name_english_formal": "Territory of Ashmore and Cartier Islands", "name_english_abbreviation": "Ashmore and Cartier Islands", "name_english_short": "-99", "continent": "Oceania", "subregion": "Australia and New Zealand" }, { "country_code": "ATF", "country_type": "Dependency", "name_english_formal": "Territory of the French Southern and Antarctic Lands", "name_english_abbreviation": "French Southern and Antarctic Lands", "name_english_short": "TF", "continent": "Seven seas (open ocean)", "subregion": "Seven seas (open ocean)" }, { "country_code": "ATG", "country_type": "Sovereign country", "name_english_formal": "Antigua and Barbuda", "name_english_abbreviation": "Antigua and Barbuda", "name_english_short": "AG", "continent": "North America", "subregion": "Caribbean" }, { "country_code": "AUS", "country_type": "Country", "name_english_formal": "Commonwealth of Australia", "name_english_abbreviation": "Australia", "name_english_short": "AU", "continent": "Oceania", "subregion": "Australia and New Zealand" }, { "country_code": "AUT", "country_type": "Sovereign country", "name_english_formal": "Republic of Austria", "name_english_abbreviation": "Austria", "name_english_short": "AT", "continent": "Europe", "subregion": "Western Europe" }, { "country_code": "AZE", "country_type": "Sovereign country", "name_english_formal": "Republic of Azerbaijan", "name_english_abbreviation": "Azerbaijan", "name_english_short": "AZ", "continent": "Asia", "subregion": "Western Asia" }, { "country_code": "BDI", "country_type": "Sovereign country", "name_english_formal": "Republic of Burundi", "name_english_abbreviation": "Burundi", "name_english_short": "BI", "continent": "Africa", "subregion": "Eastern Africa" }, { "country_code": "BEL", "country_type": "Sovereign country", "name_english_formal": "Kingdom of Belgium", "name_english_abbreviation": "Belgium", "name_english_short": "BE", "continent": "Europe", "subregion": "Western Europe" }, { "country_code": "BEN", "country_type": "Sovereign country", "name_english_formal": "Republic of Benin", "name_english_abbreviation": "Benin", "name_english_short": "BJ", "continent": "Africa", "subregion": "Western Africa" }, { "country_code": "BFA", "country_type": "Sovereign country", "name_english_formal": "Burkina Faso", "name_english_abbreviation": "Burkina Faso", "name_english_short": "BF", "continent": "Africa", "subregion": "Western Africa" }, { "country_code": "BGD", "country_type": "Sovereign country", "name_english_formal": "People's Republic of Bangladesh", "name_english_abbreviation": "Bangladesh", "name_english_short": "BD", "continent": "Asia", "subregion": "Southern Asia" }, { "country_code": "BGR", "country_type": "Sovereign country", "name_english_formal": "Republic of Bulgaria", "name_english_abbreviation": "Bulgaria", "name_english_short": "BG", "continent": "Europe", "subregion": "Eastern Europe" }, { "country_code": "BHR", "country_type": "Sovereign country", "name_english_formal": "Kingdom of Bahrain", "name_english_abbreviation": "Bahrain", "name_english_short": "BH", "continent": "Asia", "subregion": "Western Asia" }, { "country_code": "BHS", "country_type": "Sovereign country", "name_english_formal": "Commonwealth of the Bahamas", "name_english_abbreviation": "Bahamas, The", "name_english_short": "BS", "continent": "North America", "subregion": "Caribbean" }, { "country_code": "BIH", "country_type": "Sovereign country", "name_english_formal": "Bosnia and Herzegovina", "name_english_abbreviation": "Bosnia and Herzegovina", "name_english_short": "BA", "continent": "Europe", "subregion": "Southern Europe" }, { "country_code": "-99", "country_type": "Indeterminate", "name_english_formal": null, "name_english_abbreviation": "Bajo Nuevo Bank (Petrel Is.)", "name_english_short": "-99", "continent": "North America", "subregion": "Caribbean" }, { "country_code": "BLM", "country_type": "Dependency", "name_english_formal": "Saint-Barthélemy", "name_english_abbreviation": "St-Barthélemy", "name_english_short": "BL", "continent": "North America", "subregion": "Caribbean" }, { "country_code": "BLR", "country_type": "Sovereign country", "name_english_formal": "Republic of Belarus", "name_english_abbreviation": "Belarus", "name_english_short": "BY", "continent": "Europe", "subregion": "Eastern Europe" }, { "country_code": "BLZ", "country_type": "Sovereign country", "name_english_formal": "Belize", "name_english_abbreviation": "Belize", "name_english_short": "BZ", "continent": "North America", "subregion": "Central America" }, { "country_code": "BMU", "country_type": "Dependency", "name_english_formal": "The Bermudas or Somers Isles", "name_english_abbreviation": "Bermuda", "name_english_short": "BM", "continent": "North America", "subregion": "Northern America" }, { "country_code": "BOL", "country_type": "Sovereign country", "name_english_formal": "Plurinational State of Bolivia", "name_english_abbreviation": "Bolivia", "name_english_short": "BO", "continent": "South America", "subregion": "South America" }, { "country_code": "BRA", "country_type": "Sovereign country", "name_english_formal": "Federative Republic of Brazil", "name_english_abbreviation": "Brazil", "name_english_short": "BR", "continent": "South America", "subregion": "South America" }, { "country_code": "BRB", "country_type": "Sovereign country", "name_english_formal": "Barbados", "name_english_abbreviation": "Barbados", "name_english_short": "BB", "continent": "North America", "subregion": "Caribbean" }, { "country_code": "BRN", "country_type": "Sovereign country", "name_english_formal": "Negara Brunei Darussalam", "name_english_abbreviation": "Brunei", "name_english_short": "BN", "continent": "Asia", "subregion": "South-Eastern Asia" }, { "country_code": "BTN", "country_type": "Sovereign country", "name_english_formal": "Kingdom of Bhutan", "name_english_abbreviation": "Bhutan", "name_english_short": "BT", "continent": "Asia", "subregion": "Southern Asia" }, { "country_code": "BWA", "country_type": "Sovereign country", "name_english_formal": "Republic of Botswana", "name_english_abbreviation": "Botswana", "name_english_short": "BW", "continent": "Africa", "subregion": "Southern Africa" }, { "country_code": "CAF", "country_type": "Sovereign country", "name_english_formal": "Central African Republic", "name_english_abbreviation": "Central African Republic", "name_english_short": "CF", "continent": "Africa", "subregion": "Middle Africa" }, { "country_code": "CAN", "country_type": "Sovereign country", "name_english_formal": "Canada", "name_english_abbreviation": "Canada", "name_english_short": "CA", "continent": "North America", "subregion": "Northern America" }, { "country_code": "CHE", "country_type": "Sovereign country", "name_english_formal": "Swiss Confederation", "name_english_abbreviation": "Switzerland", "name_english_short": "CH", "continent": "Europe", "subregion": "Western Europe" }, { "country_code": "CHL", "country_type": "Sovereign country", "name_english_formal": "Republic of Chile", "name_english_abbreviation": "Chile", "name_english_short": "CL", "continent": "South America", "subregion": "South America" }, { "country_code": "CHN", "country_type": "Country", "name_english_formal": "People's Republic of China", "name_english_abbreviation": "China", "name_english_short": "CN", "continent": "Asia", "subregion": "Eastern Asia" }, { "country_code": "CIV", "country_type": "Sovereign country", "name_english_formal": "Republic of Ivory Coast", "name_english_abbreviation": "Côte d'Ivoire", "name_english_short": "CI", "continent": "Africa", "subregion": "Western Africa" }, { "country_code": "-99", "country_type": "Dependency", "name_english_formal": null, "name_english_abbreviation": "Clipperton Island", "name_english_short": "-99", "continent": "Seven seas (open ocean)", "subregion": "Central America" }, { "country_code": "CMR", "country_type": "Sovereign country", "name_english_formal": "Republic of Cameroon", "name_english_abbreviation": "Cameroon", "name_english_short": "CM", "continent": "Africa", "subregion": "Middle Africa" }, { "country_code": "-99", "country_type": "Indeterminate", "name_english_formal": "Cyprus No Mans Land", "name_english_abbreviation": "Cyprus No Mans Area", "name_english_short": "-99", "continent": "Asia", "subregion": "Western Asia" }, { "country_code": "COD", "country_type": "Sovereign country", "name_english_formal": "Democratic Republic of the Congo", "name_english_abbreviation": "Congo, Dem. Rep.", "name_english_short": "CD", "continent": "Africa", "subregion": "Middle Africa" }, { "country_code": "COG", "country_type": "Sovereign country", "name_english_formal": "Republic of Congo", "name_english_abbreviation": "Congo, Rep.", "name_english_short": "CG", "continent": "Africa", "subregion": "Middle Africa" }, { "country_code": "COK", "country_type": "Dependency", "name_english_formal": null, "name_english_abbreviation": "Cook Islands", "name_english_short": "CK", "continent": "Oceania", "subregion": "Polynesia" }, { "country_code": "COL", "country_type": "Sovereign country", "name_english_formal": "Republic of Colombia", "name_english_abbreviation": "Colombia", "name_english_short": "CO", "continent": "South America", "subregion": "South America" }, { "country_code": "COM", "country_type": "Sovereign country", "name_english_formal": "Union of the Comoros", "name_english_abbreviation": "Comoros", "name_english_short": "KM", "continent": "Africa", "subregion": "Eastern Africa" }, { "country_code": "CPV", "country_type": "Sovereign country", "name_english_formal": "Republic of Cape Verde", "name_english_abbreviation": "Cape Verde", "name_english_short": "CV", "continent": "Africa", "subregion": "Western Africa" }, { "country_code": "CRI", "country_type": "Sovereign country", "name_english_formal": "Republic of Costa Rica", "name_english_abbreviation": "Costa Rica", "name_english_short": "CR", "continent": "North America", "subregion": "Central America" }, { "country_code": "-99", "country_type": "Dependency", "name_english_formal": "Coral Sea Islands Territory", "name_english_abbreviation": "Coral Sea Islands", "name_english_short": "-99", "continent": "Oceania", "subregion": "Australia and New Zealand" }, { "country_code": "CUB", "country_type": "Sovereign country", "name_english_formal": "Republic of Cuba", "name_english_abbreviation": "Cuba", "name_english_short": "CU", "continent": "North America", "subregion": "Caribbean" }, { "country_code": "CUW", "country_type": "Country", "name_english_formal": "Curaçao", "name_english_abbreviation": "Curaçao", "name_english_short": "CW", "continent": "North America", "subregion": "Caribbean" }, { "country_code": "CYM", "country_type": "Dependency", "name_english_formal": "Cayman Islands", "name_english_abbreviation": "Cayman Islands", "name_english_short": "KY", "continent": "North America", "subregion": "Caribbean" }, { "country_code": "-99", "country_type": "Sovereign country", "name_english_formal": "Turkish Republic of Northern Cyprus", "name_english_abbreviation": "Cyprus, Northern", "name_english_short": "-99", "continent": "Asia", "subregion": "Western Asia" }, { "country_code": "CYP", "country_type": "Sovereign country", "name_english_formal": "Republic of Cyprus", "name_english_abbreviation": "Cyprus", "name_english_short": "CY", "continent": "Asia", "subregion": "Western Asia" }, { "country_code": "CZE", "country_type": "Sovereign country", "name_english_formal": "Czech Republic", "name_english_abbreviation": "Czech Republic", "name_english_short": "CZ", "continent": "Europe", "subregion": "Eastern Europe" }, { "country_code": "DEU", "country_type": "Sovereign country", "name_english_formal": "Federal Republic of Germany", "name_english_abbreviation": "Germany", "name_english_short": "DE", "continent": "Europe", "subregion": "Western Europe" }, { "country_code": "DJI", "country_type": "Sovereign country", "name_english_formal": "Republic of Djibouti", "name_english_abbreviation": "Djibouti", "name_english_short": "DJ", "continent": "Africa", "subregion": "Eastern Africa" }, { "country_code": "DMA", "country_type": "Sovereign country", "name_english_formal": "Commonwealth of Dominica", "name_english_abbreviation": "Dominica", "name_english_short": "DM", "continent": "North America", "subregion": "Caribbean" }, { "country_code": "DNK", "country_type": "Country", "name_english_formal": "Kingdom of Denmark", "name_english_abbreviation": "Denmark", "name_english_short": "DK", "continent": "Europe", "subregion": "Northern Europe" }, { "country_code": "DOM", "country_type": "Sovereign country", "name_english_formal": "Dominican Republic", "name_english_abbreviation": "Dominican Republic", "name_english_short": "DO", "continent": "North America", "subregion": "Caribbean" }, { "country_code": "DZA", "country_type": "Sovereign country", "name_english_formal": "People's Democratic Republic of Algeria", "name_english_abbreviation": "Algeria", "name_english_short": "DZ", "continent": "Africa", "subregion": "Northern Africa" }, { "country_code": "ECU", "country_type": "Sovereign country", "name_english_formal": "Republic of Ecuador", "name_english_abbreviation": "Ecuador", "name_english_short": "EC", "continent": "South America", "subregion": "South America" }, { "country_code": "EGY", "country_type": "Sovereign country", "name_english_formal": "Arab Republic of Egypt", "name_english_abbreviation": "Egypt, Arab Rep.", "name_english_short": "EG", "continent": "Africa", "subregion": "Northern Africa" }, { "country_code": "ERI", "country_type": "Sovereign country", "name_english_formal": "State of Eritrea", "name_english_abbreviation": "Eritrea", "name_english_short": "ER", "continent": "Africa", "subregion": "Eastern Africa" }, { "country_code": "-99", "country_type": "Dependency", "name_english_formal": null, "name_english_abbreviation": "Dhekelia Soverign Base Area", "name_english_short": "-99", "continent": "Asia", "subregion": "Western Asia" }, { "country_code": "ESP", "country_type": "Sovereign country", "name_english_formal": "Kingdom of Spain", "name_english_abbreviation": "Spain", "name_english_short": "ES", "continent": "Europe", "subregion": "Southern Europe" }, { "country_code": "EST", "country_type": "Sovereign country", "name_english_formal": "Republic of Estonia", "name_english_abbreviation": "Estonia", "name_english_short": "EE", "continent": "Europe", "subregion": "Northern Europe" }, { "country_code": "ETH", "country_type": "Sovereign country", "name_english_formal": "Federal Democratic Republic of Ethiopia", "name_english_abbreviation": "Ethiopia", "name_english_short": "ET", "continent": "Africa", "subregion": "Eastern Africa" }, { "country_code": "FIN", "country_type": "Country", "name_english_formal": "Republic of Finland", "name_english_abbreviation": "Finland", "name_english_short": "FI", "continent": "Europe", "subregion": "Northern Europe" }, { "country_code": "FJI", "country_type": "Sovereign country", "name_english_formal": "Republic of Fiji", "name_english_abbreviation": "Fiji", "name_english_short": "FJ", "continent": "Oceania", "subregion": "Melanesia" }, { "country_code": "FLK", "country_type": "Dependency", "name_english_formal": "Falkland Islands", "name_english_abbreviation": "Falkland Islands", "name_english_short": "FK", "continent": "South America", "subregion": "South America" }, { "country_code": "-99", "country_type": "Country", "name_english_formal": "French Republic", "name_english_abbreviation": "France", "name_english_short": "-99", "continent": "Europe", "subregion": "Western Europe" }, { "country_code": "FRO", "country_type": "Dependency", "name_english_formal": "Føroyar Is. (Faeroe Is.)", "name_english_abbreviation": "Faeroe Islands", "name_english_short": "FO", "continent": "Europe", "subregion": "Northern Europe" }, { "country_code": "FSM", "country_type": "Sovereign country", "name_english_formal": "Federated States of Micronesia", "name_english_abbreviation": "Micronesia, Federated States of", "name_english_short": "FM", "continent": "Oceania", "subregion": "Micronesia" }, { "country_code": "GAB", "country_type": "Sovereign country", "name_english_formal": "Gabonese Republic", "name_english_abbreviation": "Gabon", "name_english_short": "GA", "continent": "Africa", "subregion": "Middle Africa" }, { "country_code": "GBR", "country_type": "Country", "name_english_formal": "United Kingdom of Great Britain and Northern Ireland", "name_english_abbreviation": "United Kingdom", "name_english_short": "GB", "continent": "Europe", "subregion": "Northern Europe" }, { "country_code": "GEO", "country_type": "Sovereign country", "name_english_formal": "Georgia", "name_english_abbreviation": "Georgia", "name_english_short": "GE", "continent": "Asia", "subregion": "Western Asia" }, { "country_code": "GGY", "country_type": "Country", "name_english_formal": "Bailiwick of Guernsey", "name_english_abbreviation": "Guernsey", "name_english_short": "GG", "continent": "Europe", "subregion": "Northern Europe" }, { "country_code": "GHA", "country_type": "Sovereign country", "name_english_formal": "Republic of Ghana", "name_english_abbreviation": "Ghana", "name_english_short": "GH", "continent": "Africa", "subregion": "Western Africa" }, { "country_code": "GIB", "country_type": "Dependency", "name_english_formal": null, "name_english_abbreviation": "Gibraltar", "name_english_short": "GI", "continent": "Europe", "subregion": "Southern Europe" }, { "country_code": "GIN", "country_type": "Sovereign country", "name_english_formal": "Republic of Guinea", "name_english_abbreviation": "Guinea", "name_english_short": "GN", "continent": "Africa", "subregion": "Western Africa" }, { "country_code": "GMB", "country_type": "Sovereign country", "name_english_formal": "Republic of the Gambia", "name_english_abbreviation": "Gambia, The", "name_english_short": "GM", "continent": "Africa", "subregion": "Western Africa" }, { "country_code": "GNB", "country_type": "Sovereign country", "name_english_formal": "Republic of Guinea-Bissau", "name_english_abbreviation": "Guinea-Bissau", "name_english_short": "GW", "continent": "Africa", "subregion": "Western Africa" }, { "country_code": "GNQ", "country_type": "Sovereign country", "name_english_formal": "Republic of Equatorial Guinea", "name_english_abbreviation": "Equatorial Guinea", "name_english_short": "GQ", "continent": "Africa", "subregion": "Middle Africa" }, { "country_code": "GRC", "country_type": "Sovereign country", "name_english_formal": "Hellenic Republic", "name_english_abbreviation": "Greece", "name_english_short": "GR", "continent": "Europe", "subregion": "Southern Europe" }, { "country_code": "GRD", "country_type": "Sovereign country", "name_english_formal": "Grenada", "name_english_abbreviation": "Grenada", "name_english_short": "GD", "continent": "North America", "subregion": "Caribbean" }, { "country_code": "GRL", "country_type": "Country", "name_english_formal": "Greenland", "name_english_abbreviation": "Greenland", "name_english_short": "GL", "continent": "North America", "subregion": "Northern America" }, { "country_code": "GTM", "country_type": "Sovereign country", "name_english_formal": "Republic of Guatemala", "name_english_abbreviation": "Guatemala", "name_english_short": "GT", "continent": "North America", "subregion": "Central America" }, { "country_code": "GUM", "country_type": "Dependency", "name_english_formal": "Territory of Guam", "name_english_abbreviation": "Guam", "name_english_short": "GU", "continent": "Oceania", "subregion": "Micronesia" }, { "country_code": "GUY", "country_type": "Sovereign country", "name_english_formal": "Co-operative Republic of Guyana", "name_english_abbreviation": "Guyana", "name_english_short": "GY", "continent": "South America", "subregion": "South America" }, { "country_code": "HKG", "country_type": "Country", "name_english_formal": "Hong Kong Special Administrative Region, PRC", "name_english_abbreviation": "Hong Kong SAR, China", "name_english_short": "HK", "continent": "Asia", "subregion": "Eastern Asia" }, { "country_code": "HMD", "country_type": "Dependency", "name_english_formal": "Territory of Heard Island and McDonald Islands", "name_english_abbreviation": "Heard Island and McDonald Islands", "name_english_short": "HM", "continent": "Seven seas (open ocean)", "subregion": "Seven seas (open ocean)" }, { "country_code": "HND", "country_type": "Sovereign country", "name_english_formal": "Republic of Honduras", "name_english_abbreviation": "Honduras", "name_english_short": "HN", "continent": "North America", "subregion": "Central America" }, { "country_code": "HRV", "country_type": "Sovereign country", "name_english_formal": "Republic of Croatia", "name_english_abbreviation": "Croatia", "name_english_short": "HR", "continent": "Europe", "subregion": "Southern Europe" }, { "country_code": "HTI", "country_type": "Sovereign country", "name_english_formal": "Republic of Haiti", "name_english_abbreviation": "Haiti", "name_english_short": "HT", "continent": "North America", "subregion": "Caribbean" }, { "country_code": "HUN", "country_type": "Sovereign country", "name_english_formal": "Republic of Hungary", "name_english_abbreviation": "Hungary", "name_english_short": "HU", "continent": "Europe", "subregion": "Eastern Europe" }, { "country_code": "IDN", "country_type": "Sovereign country", "name_english_formal": "Republic of Indonesia", "name_english_abbreviation": "Indonesia", "name_english_short": "ID", "continent": "Asia", "subregion": "South-Eastern Asia" }, { "country_code": "IMN", "country_type": "Country", "name_english_formal": null, "name_english_abbreviation": "Isle of Man", "name_english_short": "IM", "continent": "Europe", "subregion": "Northern Europe" }, { "country_code": "IND", "country_type": "Sovereign country", "name_english_formal": "Republic of India", "name_english_abbreviation": "India", "name_english_short": "IN", "continent": "Asia", "subregion": "Southern Asia" }, { "country_code": "-99", "country_type": "Dependency", "name_english_formal": null, "name_english_abbreviation": "Indian Ocean Territories", "name_english_short": "-99", "continent": "Asia", "subregion": "Seven seas (open ocean)" }, { "country_code": "IOT", "country_type": "Dependency", "name_english_formal": null, "name_english_abbreviation": "British Indian Ocean Territory", "name_english_short": "IO", "continent": "Seven seas (open ocean)", "subregion": "Seven seas (open ocean)" }, { "country_code": "IRL", "country_type": "Sovereign country", "name_english_formal": "Ireland", "name_english_abbreviation": "Ireland", "name_english_short": "IE", "continent": "Europe", "subregion": "Northern Europe" }, { "country_code": "IRN", "country_type": "Sovereign country", "name_english_formal": "Islamic Republic of Iran", "name_english_abbreviation": "Iran, Islamic Rep.", "name_english_short": "IR", "continent": "Asia", "subregion": "Southern Asia" }, { "country_code": "IRQ", "country_type": "Sovereign country", "name_english_formal": "Republic of Iraq", "name_english_abbreviation": "Iraq", "name_english_short": "IQ", "continent": "Asia", "subregion": "Western Asia" }, { "country_code": "ISL", "country_type": "Sovereign country", "name_english_formal": "Republic of Iceland", "name_english_abbreviation": "Iceland", "name_english_short": "IS", "continent": "Europe", "subregion": "Northern Europe" }, { "country_code": "ISR", "country_type": "Country", "name_english_formal": "State of Israel", "name_english_abbreviation": "Israel", "name_english_short": "IL", "continent": "Asia", "subregion": "Western Asia" }, { "country_code": "ITA", "country_type": "Sovereign country", "name_english_formal": "Italian Republic", "name_english_abbreviation": "Italy", "name_english_short": "IT", "continent": "Europe", "subregion": "Southern Europe" }, { "country_code": "JAM", "country_type": "Sovereign country", "name_english_formal": "Jamaica", "name_english_abbreviation": "Jamaica", "name_english_short": "JM", "continent": "North America", "subregion": "Caribbean" }, {
    "country_code": "JEY",
    "country_type": "Country",
    "name_english_formal": "Bailiwick of Jersey",
    "name_english_abbreviation": "Jersey",
    "name_english_short": "JE",
    "continent": "Europe",
    "subregion": "Northern Europe"
  }, { "country_code": "JOR", "country_type": "Sovereign country", "name_english_formal": "Hashemite Kingdom of Jordan", "name_english_abbreviation": "Jordan", "name_english_short": "JO", "continent": "Asia", "subregion": "Western Asia" }, { "country_code": "JPN", "country_type": "Sovereign country", "name_english_formal": "Japan", "name_english_abbreviation": "Japan", "name_english_short": "JP", "continent": "Asia", "subregion": "Eastern Asia" }, { "country_code": "-99", "country_type": "Lease", "name_english_formal": null, "name_english_abbreviation": "Baikonur Cosmodrome", "name_english_short": "-99", "continent": "Asia", "subregion": "Central Asia" }, { "country_code": "-99", "country_type": "Indeterminate", "name_english_formal": null, "name_english_abbreviation": "Kashmir", "name_english_short": "-99", "continent": "Asia", "subregion": "Southern Asia" }, { "country_code": "KAZ", "country_type": "Sovereign country", "name_english_formal": "Republic of Kazakhstan", "name_english_abbreviation": "Kazakhstan", "name_english_short": "KZ", "continent": "Asia", "subregion": "Central Asia" }, { "country_code": "KEN", "country_type": "Sovereign country", "name_english_formal": "Republic of Kenya", "name_english_abbreviation": "Kenya", "name_english_short": "KE", "continent": "Africa", "subregion": "Eastern Africa" }, { "country_code": "KGZ", "country_type": "Sovereign country", "name_english_formal": "Kyrgyz Republic", "name_english_abbreviation": "Kyrgyz Republic", "name_english_short": "KG", "continent": "Asia", "subregion": "Central Asia" }, { "country_code": "KHM", "country_type": "Sovereign country", "name_english_formal": "Kingdom of Cambodia", "name_english_abbreviation": "Cambodia", "name_english_short": "KH", "continent": "Asia", "subregion": "South-Eastern Asia" }, { "country_code": "KIR", "country_type": "Sovereign country", "name_english_formal": "Republic of Kiribati", "name_english_abbreviation": "Kiribati", "name_english_short": "KI", "continent": "Oceania", "subregion": "Micronesia" }, { "country_code": "KNA", "country_type": "Sovereign country", "name_english_formal": "Federation of Saint Kitts and Nevis", "name_english_abbreviation": "St. Kitts and Nevis", "name_english_short": "KN", "continent": "North America", "subregion": "Caribbean" }, { "country_code": "KOR", "country_type": "Sovereign country", "name_english_formal": "Republic of Korea", "name_english_abbreviation": "Korea, Rep.", "name_english_short": "KR", "continent": "Asia", "subregion": "Eastern Asia" }, { "country_code": "-99", "country_type": "Sovereign country", "name_english_formal": "Republic of Kosovo", "name_english_abbreviation": "Kosovo", "name_english_short": "-99", "continent": "Europe", "subregion": "Southern Europe" }, { "country_code": "KWT", "country_type": "Sovereign country", "name_english_formal": "State of Kuwait", "name_english_abbreviation": "Kuwait", "name_english_short": "KW", "continent": "Asia", "subregion": "Western Asia" }, { "country_code": "LAO", "country_type": "Sovereign country", "name_english_formal": "Lao People's Democratic Republic", "name_english_abbreviation": "Lao PDR", "name_english_short": "LA", "continent": "Asia", "subregion": "South-Eastern Asia" }, { "country_code": "LBN", "country_type": "Sovereign country", "name_english_formal": "Lebanese Republic", "name_english_abbreviation": "Lebanon", "name_english_short": "LB", "continent": "Asia", "subregion": "Western Asia" }, { "country_code": "LBR", "country_type": "Sovereign country", "name_english_formal": "Republic of Liberia", "name_english_abbreviation": "Liberia", "name_english_short": "LR", "continent": "Africa", "subregion": "Western Africa" }, { "country_code": "LBY", "country_type": "Sovereign country", "name_english_formal": "Libya", "name_english_abbreviation": "Libya", "name_english_short": "LY", "continent": "Africa", "subregion": "Northern Africa" }, { "country_code": "LCA", "country_type": "Sovereign country", "name_english_formal": "Saint Lucia", "name_english_abbreviation": "St. Lucia", "name_english_short": "LC", "continent": "North America", "subregion": "Caribbean" }, { "country_code": "LIE", "country_type": "Sovereign country", "name_english_formal": "Principality of Liechtenstein", "name_english_abbreviation": "Liechtenstein", "name_english_short": "LI", "continent": "Europe", "subregion": "Western Europe" }, { "country_code": "LKA", "country_type": "Sovereign country", "name_english_formal": "Democratic Socialist Republic of Sri Lanka", "name_english_abbreviation": "Sri Lanka", "name_english_short": "LK", "continent": "Asia", "subregion": "Southern Asia" }, { "country_code": "LSO", "country_type": "Sovereign country", "name_english_formal": "Kingdom of Lesotho", "name_english_abbreviation": "Lesotho", "name_english_short": "LS", "continent": "Africa", "subregion": "Southern Africa" }, { "country_code": "LTU", "country_type": "Sovereign country", "name_english_formal": "Republic of Lithuania", "name_english_abbreviation": "Lithuania", "name_english_short": "LT", "continent": "Europe", "subregion": "Northern Europe" }, { "country_code": "LUX", "country_type": "Sovereign country", "name_english_formal": "Grand Duchy of Luxembourg", "name_english_abbreviation": "Luxembourg", "name_english_short": "LU", "continent": "Europe", "subregion": "Western Europe" }, { "country_code": "LVA", "country_type": "Sovereign country", "name_english_formal": "Republic of Latvia", "name_english_abbreviation": "Latvia", "name_english_short": "LV", "continent": "Europe", "subregion": "Northern Europe" }, { "country_code": "MAC", "country_type": "Country", "name_english_formal": "Macao Special Administrative Region, PRC", "name_english_abbreviation": "Macao SAR, China", "name_english_short": "MO", "continent": "Asia", "subregion": "Eastern Asia" }, { "country_code": "MAF", "country_type": "Dependency", "name_english_formal": "Saint-Martin (French part)", "name_english_abbreviation": "St. Martin (French part)", "name_english_short": "MF", "continent": "North America", "subregion": "Caribbean" }, { "country_code": "MAR", "country_type": "Sovereign country", "name_english_formal": "Kingdom of Morocco", "name_english_abbreviation": "Morocco", "name_english_short": "MA", "continent": "Africa", "subregion": "Northern Africa" }, { "country_code": "MCO", "country_type": "Sovereign country", "name_english_formal": "Principality of Monaco", "name_english_abbreviation": "Monaco", "name_english_short": "MC", "continent": "Europe", "subregion": "Western Europe" }, { "country_code": "MDA", "country_type": "Sovereign country", "name_english_formal": "Republic of Moldova", "name_english_abbreviation": "Moldova", "name_english_short": "MD", "continent": "Europe", "subregion": "Eastern Europe" }, { "country_code": "MDG", "country_type": "Sovereign country", "name_english_formal": "Republic of Madagascar", "name_english_abbreviation": "Madagascar", "name_english_short": "MG", "continent": "Africa", "subregion": "Eastern Africa" }, { "country_code": "MDV", "country_type": "Sovereign country", "name_english_formal": "Republic of Maldives", "name_english_abbreviation": "Maldives", "name_english_short": "MV", "continent": "Seven seas (open ocean)", "subregion": "Southern Asia" }, { "country_code": "MEX", "country_type": "Sovereign country", "name_english_formal": "United Mexican States", "name_english_abbreviation": "Mexico", "name_english_short": "MX", "continent": "North America", "subregion": "Central America" }, { "country_code": "MHL", "country_type": "Sovereign country", "name_english_formal": "Republic of the Marshall Islands", "name_english_abbreviation": "Marshall Islands", "name_english_short": "MH", "continent": "Oceania", "subregion": "Micronesia" }, { "country_code": "MKD", "country_type": "Sovereign country", "name_english_formal": "Former Yugoslav Republic of Macedonia", "name_english_abbreviation": "Macedonia, FYR", "name_english_short": "MK", "continent": "Europe", "subregion": "Southern Europe" }, { "country_code": "MLI", "country_type": "Sovereign country", "name_english_formal": "Republic of Mali", "name_english_abbreviation": "Mali", "name_english_short": "ML", "continent": "Africa", "subregion": "Western Africa" }, { "country_code": "MLT", "country_type": "Sovereign country", "name_english_formal": "Republic of Malta", "name_english_abbreviation": "Malta", "name_english_short": "MT", "continent": "Europe", "subregion": "Southern Europe" }, { "country_code": "MMR", "country_type": "Sovereign country", "name_english_formal": "Republic of the Union of Myanmar", "name_english_abbreviation": "Myanmar", "name_english_short": "MM", "continent": "Asia", "subregion": "South-Eastern Asia" }, { "country_code": "MNE", "country_type": "Sovereign country", "name_english_formal": "Montenegro", "name_english_abbreviation": "Montenegro", "name_english_short": "ME", "continent": "Europe", "subregion": "Southern Europe" }, { "country_code": "MNG", "country_type": "Sovereign country", "name_english_formal": "Mongolia", "name_english_abbreviation": "Mongolia", "name_english_short": "MN", "continent": "Asia", "subregion": "Eastern Asia" }, { "country_code": "MNP", "country_type": "Dependency", "name_english_formal": "Commonwealth of the Northern Mariana Islands", "name_english_abbreviation": "Northern Mariana Islands", "name_english_short": "MP", "continent": "Oceania", "subregion": "Micronesia" }, { "country_code": "MOZ", "country_type": "Sovereign country", "name_english_formal": "Republic of Mozambique", "name_english_abbreviation": "Mozambique", "name_english_short": "MZ", "continent": "Africa", "subregion": "Eastern Africa" }, { "country_code": "MRT", "country_type": "Sovereign country", "name_english_formal": "Islamic Republic of Mauritania", "name_english_abbreviation": "Mauritania", "name_english_short": "MR", "continent": "Africa", "subregion": "Western Africa" }, { "country_code": "MSR", "country_type": "Dependency", "name_english_formal": null, "name_english_abbreviation": "Montserrat", "name_english_short": "MS", "continent": "North America", "subregion": "Caribbean" }, { "country_code": "MUS", "country_type": "Sovereign country", "name_english_formal": "Republic of Mauritius", "name_english_abbreviation": "Mauritius", "name_english_short": "MU", "continent": "Seven seas (open ocean)", "subregion": "Eastern Africa" }, { "country_code": "MWI", "country_type": "Sovereign country", "name_english_formal": "Republic of Malawi", "name_english_abbreviation": "Malawi", "name_english_short": "MW", "continent": "Africa", "subregion": "Eastern Africa" }, { "country_code": "MYS", "country_type": "Sovereign country", "name_english_formal": "Malaysia", "name_english_abbreviation": "Malaysia", "name_english_short": "MY", "continent": "Asia", "subregion": "South-Eastern Asia" }, { "country_code": "NAM", "country_type": "Sovereign country", "name_english_formal": "Republic of Namibia", "name_english_abbreviation": "Namibia", "name_english_short": "NA", "continent": "Africa", "subregion": "Southern Africa" }, { "country_code": "NCL", "country_type": "Dependency", "name_english_formal": "New Caledonia", "name_english_abbreviation": "New Caledonia", "name_english_short": "NC", "continent": "Oceania", "subregion": "Melanesia" }, { "country_code": "NER", "country_type": "Sovereign country", "name_english_formal": "Republic of Niger", "name_english_abbreviation": "Niger", "name_english_short": "NE", "continent": "Africa", "subregion": "Western Africa" }, { "country_code": "NFK", "country_type": "Dependency", "name_english_formal": "Territory of Norfolk Island", "name_english_abbreviation": "Norfolk Island", "name_english_short": "NF", "continent": "Oceania", "subregion": "Australia and New Zealand" }, { "country_code": "NGA", "country_type": "Sovereign country", "name_english_formal": "Federal Republic of Nigeria", "name_english_abbreviation": "Nigeria", "name_english_short": "NG", "continent": "Africa", "subregion": "Western Africa" }, { "country_code": "NIC", "country_type": "Sovereign country", "name_english_formal": "Republic of Nicaragua", "name_english_abbreviation": "Nicaragua", "name_english_short": "NI", "continent": "North America", "subregion": "Central America" }, { "country_code": "NIU", "country_type": "Dependency", "name_english_formal": null, "name_english_abbreviation": "Niue", "name_english_short": "NU", "continent": "Oceania", "subregion": "Polynesia" }, { "country_code": "NLD", "country_type": "Country", "name_english_formal": "Kingdom of the Netherlands", "name_english_abbreviation": "Netherlands", "name_english_short": "NL", "continent": "Europe", "subregion": "Western Europe" }, { "country_code": "-99", "country_type": "Sovereign country", "name_english_formal": "Kingdom of Norway", "name_english_abbreviation": "Norway", "name_english_short": "-99", "continent": "Europe", "subregion": "Northern Europe" }, { "country_code": "NPL", "country_type": "Sovereign country", "name_english_formal": "Nepal", "name_english_abbreviation": "Nepal", "name_english_short": "NP", "continent": "Asia", "subregion": "Southern Asia" }, { "country_code": "NRU", "country_type": "Sovereign country", "name_english_formal": "Republic of Nauru", "name_english_abbreviation": "Nauru", "name_english_short": "NR", "continent": "Oceania", "subregion": "Micronesia" }, { "country_code": "NZL", "country_type": "Country", "name_english_formal": "New Zealand", "name_english_abbreviation": "New Zealand", "name_english_short": "NZ", "continent": "Oceania", "subregion": "Australia and New Zealand" }, { "country_code": "OMN", "country_type": "Sovereign country", "name_english_formal": "Sultanate of Oman", "name_english_abbreviation": "Oman", "name_english_short": "OM", "continent": "Asia", "subregion": "Western Asia" }, { "country_code": "PAK", "country_type": "Sovereign country", "name_english_formal": "Islamic Republic of Pakistan", "name_english_abbreviation": "Pakistan", "name_english_short": "PK", "continent": "Asia", "subregion": "Southern Asia" }, { "country_code": "PAN", "country_type": "Sovereign country", "name_english_formal": "Republic of Panama", "name_english_abbreviation": "Panama", "name_english_short": "PA", "continent": "North America", "subregion": "Central America" }, { "country_code": "PCN", "country_type": "Dependency", "name_english_formal": "Pitcairn, Henderson, Ducie and Oeno Islands", "name_english_abbreviation": "Pitcairn Islands", "name_english_short": "PN", "continent": "Oceania", "subregion": "Polynesia" }, { "country_code": "PER", "country_type": "Sovereign country", "name_english_formal": "Republic of Peru", "name_english_abbreviation": "Peru", "name_english_short": "PE", "continent": "South America", "subregion": "South America" }, { "country_code": "-99", "country_type": "Indeterminate", "name_english_formal": null, "name_english_abbreviation": "Spratly Islands", "name_english_short": "-99", "continent": "Asia", "subregion": "South-Eastern Asia" }, { "country_code": "PHL", "country_type": "Sovereign country", "name_english_formal": "Republic of the Philippines", "name_english_abbreviation": "Philippines", "name_english_short": "PH", "continent": "Asia", "subregion": "South-Eastern Asia" }, { "country_code": "PLW", "country_type": "Sovereign country", "name_english_formal": "Republic of Palau", "name_english_abbreviation": "Palau", "name_english_short": "PW", "continent": "Oceania", "subregion": "Micronesia" }, { "country_code": "PNG", "country_type": "Sovereign country", "name_english_formal": "Independent State of Papua New Guinea", "name_english_abbreviation": "Papua New Guinea", "name_english_short": "PG", "continent": "Oceania", "subregion": "Melanesia" }, { "country_code": "POL", "country_type": "Sovereign country", "name_english_formal": "Republic of Poland", "name_english_abbreviation": "Poland", "name_english_short": "PL", "continent": "Europe", "subregion": "Eastern Europe" }, { "country_code": "PRI", "country_type": "Dependency", "name_english_formal": "Commonwealth of Puerto Rico", "name_english_abbreviation": "Puerto Rico", "name_english_short": "PR", "continent": "North America", "subregion": "Caribbean" }, { "country_code": "PRK", "country_type": "Sovereign country", "name_english_formal": "Democratic People's Republic of Korea", "name_english_abbreviation": "Korea, Dem. Rep.", "name_english_short": "KP", "continent": "Asia", "subregion": "Eastern Asia" }, { "country_code": "PRT", "country_type": "Sovereign country", "name_english_formal": "Portuguese Republic", "name_english_abbreviation": "Portugal", "name_english_short": "PT", "continent": "Europe", "subregion": "Southern Europe" }, { "country_code": "PRY", "country_type": "Sovereign country", "name_english_formal": "Republic of Paraguay", "name_english_abbreviation": "Paraguay", "name_english_short": "PY", "continent": "South America", "subregion": "South America" }, { "country_code": "PSE", "country_type": "Disputed", "name_english_formal": "West Bank and Gaza", "name_english_abbreviation": "Palestine (West Bank and Gaza)", "name_english_short": "PS", "continent": "Asia", "subregion": "Western Asia" }, { "country_code": "PYF", "country_type": "Dependency", "name_english_formal": "French Polynesia", "name_english_abbreviation": "French Polynesia", "name_english_short": "PF", "continent": "Oceania", "subregion": "Polynesia" }, { "country_code": "QAT", "country_type": "Sovereign country", "name_english_formal": "State of Qatar", "name_english_abbreviation": "Qatar", "name_english_short": "QA", "continent": "Asia", "subregion": "Western Asia" }, { "country_code": "ROU", "country_type": "Sovereign country", "name_english_formal": "Romania", "name_english_abbreviation": "Romania", "name_english_short": "RO", "continent": "Europe", "subregion": "Eastern Europe" }, { "country_code": "RUS", "country_type": "Sovereign country", "name_english_formal": "Russian Federation", "name_english_abbreviation": "Russian Federation", "name_english_short": "RU", "continent": "Europe", "subregion": "Eastern Europe" }, { "country_code": "RWA", "country_type": "Sovereign country", "name_english_formal": "Republic of Rwanda", "name_english_abbreviation": "Rwanda", "name_english_short": "RW", "continent": "Africa", "subregion": "Eastern Africa" }, { "country_code": "ESH", "country_type": "Indeterminate", "name_english_formal": "Sahrawi Arab Democratic Republic", "name_english_abbreviation": "Western Sahara", "name_english_short": "EH", "continent": "Africa", "subregion": "Northern Africa" }, { "country_code": "SAU", "country_type": "Sovereign country", "name_english_formal": "Kingdom of Saudi Arabia", "name_english_abbreviation": "Saudi Arabia", "name_english_short": "SA", "continent": "Asia", "subregion": "Western Asia" }, { "country_code": "-99", "country_type": "Indeterminate", "name_english_formal": null, "name_english_abbreviation": null, "name_english_short": "-99", "continent": "Asia", "subregion": "South-Eastern Asia" }, { "country_code": "SDN", "country_type": "Sovereign country", "name_english_formal": "Republic of the Sudan", "name_english_abbreviation": "Sudan", "name_english_short": "SD", "continent": "Africa", "subregion": "Northern Africa" }, { "country_code": "SSD", "country_type": "Sovereign country", "name_english_formal": "Republic of South Sudan", "name_english_abbreviation": "South Sudan", "name_english_short": "SS", "continent": "Africa", "subregion": "Eastern Africa" }, { "country_code": "SEN", "country_type": "Sovereign country", "name_english_formal": "Republic of Senegal", "name_english_abbreviation": "Senegal", "name_english_short": "SN", "continent": "Africa", "subregion": "Western Africa" }, { "country_code": "-99", "country_type": "Indeterminate", "name_english_formal": null, "name_english_abbreviation": "Serranilla Bank", "name_english_short": "-99", "continent": "North America", "subregion": "Caribbean" }, { "country_code": "SGP", "country_type": "Sovereign country", "name_english_formal": "Republic of Singapore", "name_english_abbreviation": "Singapore", "name_english_short": "SG", "continent": "Asia", "subregion": "South-Eastern Asia" }, { "country_code": "SGS", "country_type": "Dependency", "name_english_formal": "South Georgia and South Sandwich Islands", "name_english_abbreviation": "South Georgia and the Islands", "name_english_short": "GS", "continent": "Seven seas (open ocean)", "subregion": "Seven seas (open ocean)" }, { "country_code": "SHN", "country_type": "Dependency", "name_english_formal": null, "name_english_abbreviation": "St. Helena", "name_english_short": "SH", "continent": "Seven seas (open ocean)", "subregion": "Western Africa" }, { "country_code": "SLB", "country_type": "Sovereign country", "name_english_formal": null, "name_english_abbreviation": "Solomon Islands", "name_english_short": "SB", "continent": "Oceania", "subregion": "Melanesia" }, { "country_code": "SLE", "country_type": "Sovereign country", "name_english_formal": "Republic of Sierra Leone", "name_english_abbreviation": "Sierra Leone", "name_english_short": "SL", "continent": "Africa", "subregion": "Western Africa" }, { "country_code": "SLV", "country_type": "Sovereign country", "name_english_formal": "Republic of El Salvador", "name_english_abbreviation": "El Salvador", "name_english_short": "SV", "continent": "North America", "subregion": "Central America" }, { "country_code": "SMR", "country_type": "Sovereign country", "name_english_formal": "Republic of San Marino", "name_english_abbreviation": "San Marino", "name_english_short": "SM", "continent": "Europe", "subregion": "Southern Europe" }, { "country_code": "-99", "country_type": "Indeterminate", "name_english_formal": "Republic of Somaliland", "name_english_abbreviation": "Somaliland", "name_english_short": "-99", "continent": "Africa", "subregion": "Eastern Africa" }, { "country_code": "SOM", "country_type": "Sovereign country", "name_english_formal": "Federal Republic of Somalia", "name_english_abbreviation": "Somalia", "name_english_short": "SO", "continent": "Africa", "subregion": "Eastern Africa" }, { "country_code": "SPM", "country_type": "Dependency", "name_english_formal": "Saint Pierre and Miquelon", "name_english_abbreviation": "St. Pierre and Miquelon", "name_english_short": "PM", "continent": "North America", "subregion": "Northern America" }, { "country_code": "SRB", "country_type": "Sovereign country", "name_english_formal": "Republic of Serbia", "name_english_abbreviation": "Serbia", "name_english_short": "RS", "continent": "Europe", "subregion": "Southern Europe" }, { "country_code": "STP", "country_type": "Sovereign country", "name_english_formal": "Democratic Republic of São Tomé and Principe", "name_english_abbreviation": "São Tomé and Principe", "name_english_short": "ST", "continent": "Africa", "subregion": "Middle Africa" }, { "country_code": "SUR", "country_type": "Sovereign country", "name_english_formal": "Republic of Suriname", "name_english_abbreviation": "Suriname", "name_english_short": "SR", "continent": "South America", "subregion": "South America" }, { "country_code": "SVK", "country_type": "Sovereign country", "name_english_formal": "Slovak Republic", "name_english_abbreviation": "Slovak Republic", "name_english_short": "SK", "continent": "Europe", "subregion": "Eastern Europe" }, { "country_code": "SVN", "country_type": "Sovereign country", "name_english_formal": "Republic of Slovenia", "name_english_abbreviation": "Slovenia", "name_english_short": "SI", "continent": "Europe", "subregion": "Southern Europe" }, { "country_code": "SWE", "country_type": "Sovereign country", "name_english_formal": "Kingdom of Sweden", "name_english_abbreviation": "Sweden", "name_english_short": "SE", "continent": "Europe", "subregion": "Northern Europe" }, { "country_code": "SWZ", "country_type": "Sovereign country", "name_english_formal": "Kingdom of Swaziland", "name_english_abbreviation": "Swaziland", "name_english_short": "SZ", "continent": "Africa", "subregion": "Southern Africa" }, { "country_code": "SXM", "country_type": "Country", "name_english_formal": "Sint Maarten (Dutch part)", "name_english_abbreviation": "St. Maarten (Dutch part)", "name_english_short": "SX", "continent": "North America", "subregion": "Caribbean" }, { "country_code": "SYC", "country_type": "Sovereign country", "name_english_formal": "Republic of Seychelles", "name_english_abbreviation": "Seychelles", "name_english_short": "SC", "continent": "Seven seas (open ocean)", "subregion": "Eastern Africa" }, { "country_code": "SYR", "country_type": "Sovereign country", "name_english_formal": "Syrian Arab Republic", "name_english_abbreviation": "Syrian Arab Republic", "name_english_short": "SY", "continent": "Asia", "subregion": "Western Asia" }, { "country_code": "TCA", "country_type": "Dependency", "name_english_formal": "Turks and Caicos Islands", "name_english_abbreviation": "Turks and Caicos Islands", "name_english_short": "TC", "continent": "North America", "subregion": "Caribbean" }, { "country_code": "TCD", "country_type": "Sovereign country", "name_english_formal": "Republic of Chad", "name_english_abbreviation": "Chad", "name_english_short": "TD", "continent": "Africa", "subregion": "Middle Africa" }, { "country_code": "TGO", "country_type": "Sovereign country", "name_english_formal": "Togolese Republic", "name_english_abbreviation": "Togo", "name_english_short": "TG", "continent": "Africa", "subregion": "Western Africa" }, { "country_code": "THA", "country_type": "Sovereign country", "name_english_formal": "Kingdom of Thailand", "name_english_abbreviation": "Thailand", "name_english_short": "TH", "continent": "Asia", "subregion": "South-Eastern Asia" }, { "country_code": "TJK", "country_type": "Sovereign country", "name_english_formal": "Republic of Tajikistan", "name_english_abbreviation": "Tajikistan", "name_english_short": "TJ", "continent": "Asia", "subregion": "Central Asia" }, { "country_code": "TKM", "country_type": "Sovereign country", "name_english_formal": "Turkmenistan", "name_english_abbreviation": "Turkmenistan", "name_english_short": "TM", "continent": "Asia", "subregion": "Central Asia" }, { "country_code": "TLS", "country_type": "Sovereign country", "name_english_formal": "Democratic Republic of Timor-Leste", "name_english_abbreviation": "Timor-Leste", "name_english_short": "TL", "continent": "Asia", "subregion": "South-Eastern Asia" }, { "country_code": "TON", "country_type": "Sovereign country", "name_english_formal": "Kingdom of Tonga", "name_english_abbreviation": "Tonga", "name_english_short": "TO", "continent": "Oceania", "subregion": "Polynesia" }, { "country_code": "TTO", "country_type": "Sovereign country", "name_english_formal": "Republic of Trinidad and Tobago", "name_english_abbreviation": "Trinidad and Tobago", "name_english_short": "TT", "continent": "North America", "subregion": "Caribbean" }, { "country_code": "TUN", "country_type": "Sovereign country", "name_english_formal": "Republic of Tunisia", "name_english_abbreviation": "Tunisia", "name_english_short": "TN", "continent": "Africa", "subregion": "Northern Africa" }, { "country_code": "TUR", "country_type": "Sovereign country", "name_english_formal": "Republic of Turkey", "name_english_abbreviation": "Turkey", "name_english_short": "TR", "continent": "Asia", "subregion": "Western Asia" }, { "country_code": "TUV", "country_type": "Sovereign country", "name_english_formal": "Tuvalu", "name_english_abbreviation": "Tuvalu", "name_english_short": "TV", "continent": "Oceania", "subregion": "Polynesia" }, { "country_code": "TWN", "country_type": "Sovereign country", "name_english_formal": null, "name_english_abbreviation": "Taiwan", "name_english_short": "TW", "continent": "Asia", "subregion": "Eastern Asia" }, { "country_code": "TZA", "country_type": "Sovereign country", "name_english_formal": "United Republic of Tanzania", "name_english_abbreviation": "Tanzania", "name_english_short": "TZ", "continent": "Africa", "subregion": "Eastern Africa" }, { "country_code": "UGA", "country_type": "Sovereign country", "name_english_formal": "Republic of Uganda", "name_english_abbreviation": "Uganda", "name_english_short": "UG", "continent": "Africa", "subregion": "Eastern Africa" }, { "country_code": "UKR", "country_type": "Sovereign country", "name_english_formal": "Ukraine", "name_english_abbreviation": "Ukraine", "name_english_short": "UA", "continent": "Europe", "subregion": "Eastern Europe" }, { "country_code": "UMI", "country_type": "Dependency", "name_english_formal": null, "name_english_abbreviation": "United States Minor Outlying Islands", "name_english_short": "UM", "continent": "North America", "subregion": "Seven seas (open ocean)" }, { "country_code": "URY", "country_type": "Sovereign country", "name_english_formal": "Oriental Republic of Uruguay", "name_english_abbreviation": "Uruguay", "name_english_short": "UY", "continent": "South America", "subregion": "South America" }, { "country_code": "USA", "country_type": "Country", "name_english_formal": "United States of America", "name_english_abbreviation": "United States of America", "name_english_short": "US", "continent": "North America", "subregion": "Northern America" }, { "country_code": "-99", "country_type": "Lease", "name_english_formal": null, "name_english_abbreviation": "Guantanamo Bay USNB", "name_english_short": "-99", "continent": "North America", "subregion": "Caribbean" }, { "country_code": "UZB", "country_type": "Sovereign country", "name_english_formal": "Republic of Uzbekistan", "name_english_abbreviation": "Uzbekistan", "name_english_short": "UZ", "continent": "Asia", "subregion": "Central Asia" }, { "country_code": "VAT", "country_type": "Sovereign country", "name_english_formal": "State of the Vatican City", "name_english_abbreviation": "Vatican (Holy Sea)", "name_english_short": "VA", "continent": "Europe", "subregion": "Southern Europe" }, { "country_code": "VCT", "country_type": "Sovereign country", "name_english_formal": "Saint Vincent and the Grenadines", "name_english_abbreviation": "St. Vincent and the Grenadines", "name_english_short": "VC", "continent": "North America", "subregion": "Caribbean" }, { "country_code": "VEN", "country_type": "Sovereign country", "name_english_formal": "Bolivarian Republic of Venezuela", "name_english_abbreviation": "Venezuela, RB", "name_english_short": "VE", "continent": "South America", "subregion": "South America" }, { "country_code": "VGB", "country_type": "Dependency", "name_english_formal": "British Virgin Islands", "name_english_abbreviation": "British Virgin Islands", "name_english_short": "VG", "continent": "North America", "subregion": "Caribbean" }, { "country_code": "VIR", "country_type": "Dependency", "name_english_formal": "Virgin Islands of the United States", "name_english_abbreviation": "Virgin Islands (U.S.)", "name_english_short": "VI", "continent": "North America", "subregion": "Caribbean" }, { "country_code": "VNM", "country_type": "Sovereign country", "name_english_formal": "Socialist Republic of Vietnam", "name_english_abbreviation": "Vietnam", "name_english_short": "VN", "continent": "Asia", "subregion": "South-Eastern Asia" }, { "country_code": "VUT", "country_type": "Sovereign country", "name_english_formal": "Republic of Vanuatu", "name_english_abbreviation": "Vanuatu", "name_english_short": "VU", "continent": "Oceania", "subregion": "Melanesia" }, { "country_code": "WLF", "country_type": "Dependency", "name_english_formal": "Wallis and Futuna Islands", "name_english_abbreviation": "Wallis and Futuna", "name_english_short": "WF", "continent": "Oceania", "subregion": "Polynesia" }, { "country_code": "-99", "country_type": "Dependency", "name_english_formal": null, "name_english_abbreviation": "Akrotiri Sovereign Base Area", "name_english_short": "-99", "continent": "Asia", "subregion": "Western Asia" }, { "country_code": "WSM", "country_type": "Sovereign country", "name_english_formal": "Independent State of Samoa", "name_english_abbreviation": "Samoa", "name_english_short": "WS", "continent": "Oceania", "subregion": "Polynesia" }, { "country_code": "YEM", "country_type": "Sovereign country", "name_english_formal": "Republic of Yemen", "name_english_abbreviation": "Yemen, Rep.", "name_english_short": "YE", "continent": "Asia", "subregion": "Western Asia" }, { "country_code": "ZAF", "country_type": "Sovereign country", "name_english_formal": "Republic of South Africa", "name_english_abbreviation": "South Africa", "name_english_short": "ZA", "continent": "Africa", "subregion": "Southern Africa" }, { "country_code": "ZMB", "country_type": "Sovereign country", "name_english_formal": "Republic of Zambia", "name_english_abbreviation": "Zambia", "name_english_short": "ZM", "continent": "Africa", "subregion": "Eastern Africa" }, { "country_code": "ZWE", "country_type": "Sovereign country", "name_english_formal": "Republic of Zimbabwe", "name_english_abbreviation": "Zimbabwe", "name_english_short": "ZW", "continent": "Africa", "subregion": "Eastern Africa" }
]
